0,4,1089005932,1,1,2,65534,0,6
31,5,71,111,114,100,111,110,45,115,45,80,121,114,97,109,105
19,253,1117422848,2,1117422848,7,8490000,8,8490000,3,-491419897,4,2060956043,5,-491419897,6,2060956043,9,2015120
21,253,1117422848,0,0,1,0,4,0
32,1,1117422848,2,-491419897,3,2060956043,4,0,6,83,116,97,114,116,32,111,102,32,114,5,0
32,1,1117422998,2,-491415960,3,2060883267,4,59570,6,77,111,117,110,116,32,65,114,116,104,5,19
32,1,1117423958,2,-491502695,3,2060567707,4,409780,6,77,111,117,110,116,32,65,114,116,104,5,19
32,1,1117424628,2,-491633691,3,2060409151,4,594580,6,71,111,114,100,111,110,115,32,80,121,5,21
32,1,1117427448,2,-491430277,3,2060146800,4,980490,6,67,108,111,117,115,116,111,110,115,32,5,7
32,1,1117429998,2,-491218034,3,2060461168,4,1453710,6,77,116,32,65,114,116,104,117,114,32,5,7
32,1,1117431338,2,-491419897,3,2060956043,4,2015120,6,69,110,100,32,111,102,32,114,111,117,5,0
20,253,1117422848,0,-491419897,1,2060956043,5,0,2,7267
20,253,1117422858,0,-491419778,1,2060955805,5,200,2,7268
20,253,1117422868,0,-491417511,1,2060951033,5,4160,2,7303
20,253,1117422878,0,-491416437,1,2060947215,5,7020,2,7340
20,253,1117422888,0,-491415960,1,2060943636,5,9570,2,7362
20,253,1117422898,0,-491416795,1,2060934688,5,15900,2,7355
20,253,1117422908,0,-491414648,1,2060923950,5,23700,2,7381
20,253,1117422918,0,-491413574,1,2060921087,5,25950,2,7383
20,253,1117422928,0,-491408683,1,2060916315,5,31610,2,7473
20,253,1117422938,0,-491405581,1,2060914287,5,34840,2,7543
20,253,1117422948,0,-491405104,1,2060911781,5,36650,2,7554
20,253,1117422958,0,-491407848,1,2060906293,5,41280,2,7525
20,253,1117422968,0,-491410949,1,2060900567,5,46230,2,7549
20,253,1117422978,0,-491414171,1,2060894840,5,51250,2,7558
20,253,1117422988,0,-491415244,1,2060890068,5,54750,2,7576
20,253,1117422998,0,-491415960,1,2060883267,5,59570,2,7594
20,253,1117423008,0,-491417153,1,2060881717,5,61129,2,7593
20,253,1117423018,0,-491417750,1,2060880046,5,62429,2,7597
20,253,1117423028,0,-491415722,1,2060872649,5,67960,2,7624
20,253,1117423038,0,-491416437,1,2060868474,5,70960,2,7637
20,253,1117423048,0,-491416437,1,2060862151,5,75400,2,7667
20,253,1117423058,0,-491416915,1,2060854634,5,80700,2,7697
20,253,1117423068,0,-491418466,1,2060849027,5,84890,2,7727
20,253,1117423078,0,-491418346,1,2060844613,5,88000,2,7733
20,253,1117423088,0,-491419420,1,2060834353,5,95270,2,7767
20,253,1117423098,0,-491418943,1,2060832802,5,96450,2,7764
20,253,1117423108,0,-491419062,1,2060829938,5,98460,2,7772
20,253,1117423118,0,-491418466,1,2060829342,5,99160,2,7764
20,253,1117423128,0,-491419778,1,2060824570,5,102720,2,7784
20,253,1117423138,0,-491422164,1,2060820990,5,106080,2,7814
20,253,1117423148,0,-491425266,1,2060817292,5,109970,2,7836
20,253,1117423158,0,-491427414,1,2060815025,5,112530,2,7833
20,253,1117423168,0,-491430277,1,2060814429,5,115230,2,7847
20,253,1117423178,0,-491436123,1,2060812281,5,120890,2,7870
20,253,1117423188,0,-491441969,1,2060810253,5,126530,2,7860
20,253,1117423198,0,-491444713,1,2060809776,5,129109,2,7862
20,253,1117423208,0,-491449723,1,2060805958,5,134500,2,7863
20,253,1117423218,0,-491454734,1,2060802140,5,139890,2,7877
20,253,1117423228,0,-491461415,1,2060798680,5,146580,2,7890
20,253,1117423238,0,-491463801,1,2060798680,5,148810,2,7892
20,253,1117423248,0,-491466307,1,2060797965,5,151200,2,7887
20,253,1117423258,0,-491468693,1,2060795817,5,153890,2,7872
20,253,1117423268,0,-491470482,1,2060792357,5,156840,2,7870
20,253,1117423278,0,-491476686,1,2060786273,5,164030,2,7886
20,253,1117423288,0,-491480743,1,2060779115,5,170320,2,7897
20,253,1117423298,0,-491486947,1,2060772553,5,177720,2,7897
20,253,1117423308,0,-491492912,1,2060763247,5,186300,2,7900
20,253,1117423318,0,-491499951,1,2060755254,5,194940,2,7897
20,253,1117423328,0,-491506990,1,2060747141,5,203630,2,7914
20,253,1117423338,0,-491509376,1,2060740341,5,208900,2,7915
20,253,1117423348,0,-491513551,1,2060734614,5,214500,2,7939
20,253,1117423358,0,-491517727,1,2060728410,5,220340,2,7966
20,253,1117423368,0,-491525959,1,2060721371,5,229480,2,7994
20,253,1117423378,0,-491527868,1,2060718866,5,231980,2,7992
20,253,1117423388,0,-491530493,1,2060712065,5,237350,2,7995
20,253,1117423398,0,-491531209,1,2060707055,5,240930,2,8020
20,253,1117423408,0,-491532998,1,2060702521,5,244519,2,8056
20,253,1117423418,0,-491537770,1,2060699300,5,249519,2,8053
20,253,1117423428,0,-491539679,1,2060696198,5,252330,2,8067
20,253,1117423438,0,-491542185,1,2060684148,5,261110,2,8172
20,253,1117423448,0,-491547315,1,2060673888,5,269750,2,8188
20,253,1117423458,0,-491547434,1,2060670786,5,271940,2,8206
20,253,1117423468,0,-491544690,1,2060674126,5,275410,2,8219
20,253,1117423478,0,-491543616,1,2060674842,5,276530,2,8232
20,253,1117423488,0,-491542423,1,2060674126,5,277750,2,8256
20,253,1117423498,0,-491542065,1,2060672695,5,278810,2,8272
20,253,1117423508,0,-491542185,1,2060669712,5,280910,2,8289
20,253,1117423518,0,-491540037,1,2060660764,5,287500,2,8326
20,253,1117423528,0,-491538009,1,2060651697,5,294140,2,8348
20,253,1117423538,0,-491531566,1,2060642153,5,303140,2,8459
20,253,1117423548,0,-491530851,1,2060643584,5,304350,2,8469
20,253,1117423558,0,-491532402,1,2060649550,5,308780,2,8440
20,253,1117423568,0,-491530493,1,2060662196,5,317830,2,8468
20,253,1117423578,0,-491529658,1,2060663389,5,318980,2,8472
20,253,1117423588,0,-491528345,1,2060662315,5,320420,2,8491
20,253,1117423598,0,-491528107,1,2060660526,5,321690,2,8504
20,253,1117423608,0,-491528465,1,2060653248,5,326810,2,8505
20,253,1117423618,0,-491528107,1,2060651697,5,327950,2,8511
20,253,1117423628,0,-491519994,1,2060644300,5,337130,2,8542
20,253,1117423638,0,-491518562,1,2060642153,5,339150,2,8552
20,253,1117423648,0,-491518682,1,2060638454,5,341740,2,8581
20,253,1117423658,0,-491519994,1,2060635591,5,344100,2,8605
20,253,1117423668,0,-491521426,1,2060628194,5,349460,2,8656
20,253,1117423678,0,-491521664,1,2060624973,5,351730,2,8668
20,253,1117423688,0,-491520948,1,2060624018,5,352680,2,8681
20,253,1117423698,0,-491520352,1,2060625569,5,353900,2,8680
20,253,1117423708,0,-491519039,1,2060627478,5,355720,2,8685
20,253,1117423718,0,-491517250,1,2060628791,5,357620,2,8696
20,253,1117423728,0,-491514387,1,2060629268,5,360320,2,8705
20,253,1117423738,0,-491512478,1,2060628075,5,362290,2,8693
20,253,1117423748,0,-491511762,1,2060626166,5,363780,2,8697
20,253,1117423758,0,-491512358,1,2060625212,5,364650,2,8708
20,253,1117423768,0,-491512955,1,2060625331,5,365220,2,8714
20,253,1117423778,0,-491513790,1,2060624734,5,366100,2,8727
20,253,1117423788,0,-491514745,1,2060622348,5,368000,2,8753
20,253,1117423798,0,-491513671,1,2060620320,5,369740,2,8752
20,253,1117423808,0,-491513671,1,2060618769,5,370830,2,8762
20,253,1117423818,0,-491514267,1,2060617099,5,372130,2,8779
20,253,1117423828,0,-491514864,1,2060613878,5,374460,2,8806
20,253,1117423838,0,-491514625,1,2060613042,5,375080,2,8808
20,253,1117423848,0,-491513313,1,2060611253,5,376840,2,8803
20,253,1117423858,0,-491512955,1,2060609463,5,378140,2,8810
20,253,1117423868,0,-491512597,1,2060601470,5,383760,2,8861
20,253,1117423878,0,-491512239,1,2060593357,5,389460,2,8897
20,253,1117423888,0,-491511643,1,2060590613,5,391470,2,8907
20,253,1117423898,0,-491510569,1,2060589062,5,392950,2,8913
20,253,1117423908,0,-491509376,1,2060586318,5,395170,2,8924
20,253,1117423918,0,-491507109,1,2060578802,5,400860,2,8973
20,253,1117423938,0,-491506274,1,2060576774,5,402480,2,8991
20,253,1117423948,0,-491504484,1,2060574030,5,405030,2,9007
20,253,1117423958,0,-491502695,1,2060567707,5,409780,2,9032
20,253,1117423968,0,-491502695,1,2060566514,5,410610,2,9040
20,253,1117423978,0,-491502218,1,2060564128,5,412350,2,9054
20,253,1117423988,0,-491502814,1,2060557089,5,417320,2,9099
20,253,1117423998,0,-491504842,1,2060550408,5,422380,2,9157
20,253,1117424008,0,-491506274,1,2060545993,5,425750,2,9161
20,253,1117424018,0,-491508063,1,2060532870,5,435120,2,9113
20,253,1117424028,0,-491509853,1,2060519746,5,444480,2,9078
20,253,1117424038,0,-491511165,1,2060511276,5,450550,2,9072
20,253,1117424048,0,-491513909,1,2060506503,5,454770,2,9104
20,253,1117424058,0,-491518324,1,2060502686,5,459680,2,9122
20,253,1117424068,0,-491521783,1,2060497198,5,464710,2,9124
20,253,1117424078,0,-491525243,1,2060491710,5,469739,2,9154
20,253,1117424088,0,-491532760,1,2060482881,5,479100,2,9165
20,253,1117424098,0,-491540276,1,2060474053,5,488450,2,9182
20,253,1117424108,0,-491544451,1,2060468684,5,493880,2,9222
20,253,1117424118,0,-491548746,1,2060463434,5,499320,2,9258
20,253,1117424128,0,-491557336,1,2060460452,5,507600,2,9354
20,253,1117424138,0,-491566046,1,2060457469,5,516000,2,9470
20,253,1117424148,0,-491574635,1,2060454487,5,524280,2,9612
20,253,1117424158,0,-491575471,1,2060453413,5,525360,2,9616
20,253,1117424168,0,-491577976,1,2060453413,5,527700,2,9629
20,253,1117424178,0,-491579527,1,2060452339,5,529330,2,9637
20,253,1117424188,0,-491581197,1,2060448402,5,532510,2,9636
20,253,1117424198,0,-491581794,1,2060448402,5,533060,2,9642
20,253,1117424208,0,-491583822,1,2060446612,5,535330,2,9657
20,253,1117424218,0,-491584418,1,2060445419,5,536340,2,9661
20,253,1117424228,0,-491585611,1,2060443988,5,537840,2,9661
20,253,1117424238,0,-491585731,1,2060443153,5,538440,2,9661
20,253,1117424248,0,-491586805,1,2060442556,5,539520,2,9660
20,253,1117424258,0,-491587640,1,2060442556,5,540300,2,9659
20,253,1117424268,0,-491588236,1,2060441840,5,541050,2,9662
20,253,1117424278,0,-491589787,1,2060441244,5,542560,2,9667
20,253,1117424288,0,-491590145,1,2060440528,5,543160,2,9668
20,253,1117424298,0,-491590503,1,2060438380,5,544710,2,9660
20,253,1117424308,0,-491591219,1,2060438261,5,545380,2,9664
20,253,1117424318,0,-491595514,1,2060431938,5,551360,2,9692
20,253,1117424328,0,-491596945,1,2060430984,5,552850,2,9700
20,253,1117424338,0,-491598974,1,2060430626,5,554760,2,9709
20,253,1117424348,0,-491600047,1,2060429910,5,555880,2,9712
20,253,1117424358,0,-491600286,1,2060429194,5,556430,2,9711
20,253,1117424368,0,-491601002,1,2060429194,5,557100,2,9716
20,253,1117424378,0,-491602553,1,2060427047,5,559190,2,9728
20,253,1117424388,0,-491602791,1,2060426331,5,559740,2,9731
20,253,1117424398,0,-491603269,1,2060426450,5,560190,2,9736
20,253,1117424408,0,-491604104,1,2060426211,5,560990,2,9747
20,253,1117424418,0,-491607206,1,2060423229,5,564560,2,9782
20,253,1117424428,0,-491608041,1,2060423706,5,565410,2,9785
20,253,1117424438,0,-491609114,1,2060423467,5,566430,2,9795
20,253,1117424448,0,-491610546,1,2060422036,5,568100,2,9821
20,253,1117424458,0,-491610665,1,2060420127,5,569440,2,9831
20,253,1117424468,0,-491612097,1,2060419650,5,570820,2,9846
20,253,1117424478,0,-491613409,1,2060418099,5,572460,2,9862
20,253,1117424488,0,-491615080,1,2060416667,5,574310,2,9883
20,253,1117424498,0,-491616511,1,2060416786,5,575650,2,9895
20,253,1117424508,0,-491617585,1,2060414877,5,577320,2,9909
20,253,1117424518,0,-491617943,1,2060413684,5,578230,2,9915
20,253,1117424528,0,-491618420,1,2060412969,5,578900,2,9921
20,253,1117424538,0,-491619136,1,2060412253,5,579730,2,9931
20,253,1117424548,0,-491621164,1,2060412253,5,581630,2,9952
20,253,1117424558,0,-491621403,1,2060410940,5,582570,2,9956
20,253,1117424568,0,-491622477,1,2060409628,5,583930,2,9951
20,253,1117424578,0,-491623431,1,2060409509,5,584830,2,9959
20,253,1117424588,0,-491624743,1,2060408674,5,586190,2,9960
20,253,1117424598,0,-491626414,1,2060408674,5,587740,2,9962
20,253,1117424608,0,-491627607,1,2060409032,5,588890,2,9968
20,253,1117424618,0,-491630947,1,2060408793,5,592010,2,9969
20,253,1117424628,0,-491633691,1,2060409151,5,594580,2,9976
20,253,1117424638,0,-491635600,1,2060408793,5,596380,2,9975
20,253,1117424648,0,-491635719,1,2060408196,5,596810,2,9970
20,253,1117424658,0,-491635839,1,2060407481,5,597330,2,9963
20,253,1117424668,0,-491635719,1,2060406884,5,597760,2,9958
20,253,1117424678,0,-491635839,1,2060406407,5,598110,2,9954
20,253,1117424688,0,-491635600,1,2060404259,5,599640,2,9934
20,253,1117424698,0,-491635839,1,2060404021,5,599920,2,9933
20,253,1117424708,0,-491636077,1,2060402708,5,600860,2,9921
20,253,1117424718,0,-491635719,1,2060401277,5,601920,2,9908
20,253,1117424728,0,-491636077,1,2060399964,5,602900,2,9888
20,253,1117424738,0,-491636674,1,2060400203,5,603480,2,9893
20,253,1117424748,0,-491637151,1,2060399249,5,604290,2,9878
20,253,1117424758,0,-491638821,1,2060399487,5,605850,2,9885
20,253,1117424768,0,-491639656,1,2060398175,5,607060,2,9866
20,253,1117424778,0,-491639299,1,2060397340,5,607740,2,9851
20,253,1117424788,0,-491640372,1,2060396743,5,608820,2,9843
20,253,1117424798,0,-491641804,1,2060394715,5,610770,2,9813
20,253,1117424808,0,-491641804,1,2060393522,5,611610,2,9793
20,253,1117424818,0,-491643355,1,2060393761,5,613070,2,9799
20,253,1117424828,0,-491644548,1,2060393164,5,614260,2,9791
20,253,1117424838,0,-491644667,1,2060392329,5,614850,2,9778
20,253,1117424848,0,-491645860,1,2060390778,5,616410,2,9753
20,253,1117424858,0,-491645264,1,2060388272,5,618260,2,9715
20,253,1117424868,0,-491646218,1,2060387318,5,619370,2,9701
20,253,1117424878,0,-491646576,1,2060387557,5,619740,2,9705
20,253,1117424888,0,-491647292,1,2060386960,5,620530,2,9696
20,253,1117424898,0,-491648366,1,2060387318,5,621570,2,9702
20,253,1117424908,0,-491648724,1,2060386364,5,622310,2,9687
20,253,1117424918,0,-491649439,1,2060386244,5,622990,2,9685
20,253,1117424928,0,-491649559,1,2060384455,5,624250,2,9658
20,253,1117424938,0,-491650155,1,2060384216,5,624830,2,9654
20,253,1117424948,0,-491649917,1,2060382784,5,625860,2,9632
20,253,1117424958,0,-491650752,1,2060380995,5,627340,2,9607
20,253,1117424968,0,-491649797,1,2060379563,5,628680,2,9592
20,253,1117424978,0,-491649678,1,2060378370,5,629520,2,9579
20,253,1117424988,0,-491650275,1,2060378728,5,630140,2,9584
20,253,1117424998,0,-491650275,1,2060378251,5,630470,2,9579
20,253,1117425008,0,-491649678,1,2060377296,5,631340,2,9568
20,253,1117425018,0,-491649797,1,2060376939,5,631620,2,9564
20,253,1117425028,0,-491650871,1,2060376103,5,632780,2,9558
20,253,1117425038,0,-491650752,1,2060374910,5,633620,2,9546
20,253,1117425048,0,-491650275,1,2060374314,5,634230,2,9539
20,253,1117425058,0,-491650394,1,2060373240,5,634990,2,9528
20,253,1117425068,0,-491650632,1,2060373240,5,635220,2,9529
20,253,1117425078,0,-491650752,1,2060372047,5,636060,2,9518
20,253,1117425088,0,-491650871,1,2060371808,5,636260,2,9516
20,253,1117425098,0,-491650990,1,2060370615,5,637110,2,9508
20,253,1117425108,0,-491650752,1,2060370735,5,637350,2,9507
20,253,1117425118,0,-491650752,1,2060369780,5,638020,2,9501
20,253,1117425128,0,-491651110,1,2060367991,5,639320,2,9492
20,253,1117425138,0,-491651587,1,2060367394,5,639930,2,9492
20,253,1117425148,0,-491651945,1,2060364769,5,641800,2,9479
20,253,1117425158,0,-491651587,1,2060363576,5,642700,2,9469
20,253,1117425168,0,-491651945,1,2060362980,5,643240,2,9469
20,253,1117425178,0,-491652064,1,2060362025,5,643920,2,9464
20,253,1117425188,0,-491651706,1,2060361787,5,644290,2,9459
20,253,1117425198,0,-491651826,1,2060360713,5,645050,2,9455
20,253,1117425208,0,-491652303,1,2060360713,5,645500,2,9460
20,253,1117425218,0,-491652541,1,2060359997,5,646050,2,9459
20,253,1117425228,0,-491652541,1,2060358685,5,646970,2,9454
20,253,1117425238,0,-491652780,1,2060358566,5,647210,2,9456
20,253,1117425248,0,-491652780,1,2060357969,5,647620,2,9453
20,253,1117425258,0,-491652303,1,2060358208,5,648100,2,9450
20,253,1117425268,0,-491652064,1,2060357611,5,648570,2,9445
20,253,1117425278,0,-491652064,1,2060357015,5,648990,2,9442
20,253,1117425288,0,-491651706,1,2060356418,5,649530,2,9437
20,253,1117425298,0,-491652183,1,2060356418,5,649970,2,9441
20,253,1117425308,0,-491651945,1,2060355106,5,650920,2,9433
20,253,1117425318,0,-491651587,1,2060354509,5,651460,2,9428
20,253,1117425328,0,-491651826,1,2060352600,5,652820,2,9422
20,253,1117425338,0,-491651587,1,2060352004,5,653290,2,9417
20,253,1117425348,0,-491651110,1,2060352481,5,653850,2,9415
20,253,1117425358,0,-491650990,1,2060352004,5,654200,2,9412
20,253,1117425368,0,-491650632,1,2060352242,5,654570,2,9410
20,253,1117425378,0,-491650275,1,2060352004,5,654950,2,9406
20,253,1117425388,0,-491649917,1,2060352004,5,655280,2,9403
20,253,1117425398,0,-491649559,1,2060352839,5,655960,2,9403
20,253,1117425408,0,-491648843,1,2060351765,5,656960,2,9393
20,253,1117425418,0,-491648485,1,2060350334,5,658020,2,9387
20,253,1117425428,0,-491648127,1,2060349737,5,658560,2,9384
20,253,1117425438,0,-491647292,1,2060349856,5,659340,2,9378
20,253,1117425448,0,-491646338,1,2060348186,5,660810,2,9373
20,253,1117425458,0,-491646218,1,2060348305,5,660950,2,9372
20,253,1117425468,0,-491645622,1,2060346874,5,662100,2,9371
20,253,1117425478,0,-491645622,1,2060345800,5,662850,2,9372
20,253,1117425488,0,-491645980,1,2060344965,5,663530,2,9375
20,253,1117425498,0,-491645860,1,2060344488,5,663880,2,9375
20,253,1117425508,0,-491646218,1,2060344010,5,664360,2,9376
20,253,1117425518,0,-491645860,1,2060343533,5,664830,2,9376
20,253,1117425528,0,-491646218,1,2060343175,5,665250,2,9377
20,253,1117425538,0,-491646218,1,2060341744,5,666250,2,9378
20,253,1117425548,0,-491646576,1,2060341147,5,666790,2,9381
20,253,1117425558,0,-491646815,1,2060339716,5,667820,2,9392
20,253,1117425568,0,-491647173,1,2060340431,5,668420,2,9385
20,253,1117425578,0,-491647411,1,2060339477,5,669130,2,9392
20,253,1117425588,0,-491647411,1,2060338165,5,670050,2,9402
20,253,1117425598,0,-491648008,1,2060337449,5,670800,2,9404
20,253,1117425608,0,-491648246,1,2060336136,5,671740,2,9412
20,253,1117425618,0,-491649082,1,2060335301,5,672720,2,9413
20,253,1117425628,0,-491649439,1,2060331841,5,675170,2,9431
20,253,1117425638,0,-491650155,1,2060329097,5,677210,2,9454
20,253,1117425648,0,-491649797,1,2060325638,5,679660,2,9495
20,253,1117425658,0,-491651229,1,2060324564,5,681200,2,9499
20,253,1117425668,0,-491650394,1,2060322536,5,682820,2,9526
20,253,1117425678,0,-491650513,1,2060318121,5,685920,2,9568
20,253,1117425688,0,-491648962,1,2060316928,5,687590,2,9577
20,253,1117425698,0,-491647769,1,2060315616,5,689040,2,9584
20,253,1117425708,0,-491646695,1,2060313946,5,690580,2,9589
20,253,1117425718,0,-491642639,1,2060313349,5,694390,2,9588
20,253,1117425728,0,-491641327,1,2060310844,5,696530,2,9603
20,253,1117425738,0,-491640372,1,2060308458,5,698430,2,9616
20,253,1117425748,0,-491640014,1,2060304043,5,701540,2,9631
20,253,1117425758,0,-491638702,1,2060301180,5,703900,2,9635
20,253,1117425768,0,-491637390,1,2060299152,5,705770,2,9630
20,253,1117425778,0,-491635958,1,2060297362,5,707610,2,9620
20,253,1117425788,0,-491634049,1,2060298794,5,709650,2,9616
20,253,1117425798,0,-491630947,1,2060297482,5,712690,2,9626
20,253,1117425808,0,-491627249,1,2060297362,5,716140,2,9640
20,253,1117425818,0,-491626175,1,2060295096,5,718020,2,9640
20,253,1117425828,0,-491623431,1,2060294738,5,720590,2,9646
20,253,1117425838,0,-491621761,1,2060293664,5,722330,2,9647
20,253,1117425848,0,-491620926,1,2060294260,5,723210,2,9648
20,253,1117425858,0,-491619971,1,2060293903,5,724140,2,9648
20,253,1117425868,0,-491619255,1,2060292709,5,725210,2,9650
20,253,1117425878,0,-491618420,1,2060290801,5,726760,2,9647
20,253,1117425888,0,-491616869,1,2060290443,5,728230,2,9649
20,253,1117425898,0,-491615796,1,2060289130,5,729590,2,9647
20,253,1117425908,0,-491614483,1,2060286983,5,731530,2,9642
20,253,1117425918,0,-491613171,1,2060286506,5,732800,2,9637
20,253,1117425928,0,-491610546,1,2060285074,5,735450,2,9629
20,253,1117425938,0,-491609592,1,2060285551,5,736400,2,9628
20,253,1117425948,0,-491608399,1,2060284716,5,737660,2,9627
20,253,1117425958,0,-491606967,1,2060284597,5,738990,2,9625
20,253,1117425968,0,-491605774,1,2060284955,5,740130,2,9622
20,253,1117425978,0,-491603984,1,2060285790,5,741900,2,9611
20,253,1117425988,0,-491600525,1,2060289369,5,746000,2,9575
20,253,1117425998,0,-491598496,1,2060289369,5,747890,2,9563
20,253,1117426008,0,-491596468,1,2060290443,5,749920,2,9551
20,253,1117426018,0,-491593963,1,2060290801,5,752280,2,9531
20,253,1117426028,0,-491589429,1,2060290204,5,756530,2,9464
20,253,1117426038,0,-491587998,1,2060289011,5,758100,2,9442
20,253,1117426048,0,-491585731,1,2060288772,5,760230,2,9409
20,253,1117426058,0,-491579288,1,2060289608,5,766260,2,9322
20,253,1117426068,0,-491576186,1,2060289846,5,769160,2,9280
20,253,1117426078,0,-491573800,1,2060288892,5,771490,2,9259
20,253,1117426088,0,-491569505,1,2060288772,5,775500,2,9249
20,253,1117426098,0,-491567716,1,2060288415,5,777190,2,9244
20,253,1117426108,0,-491565926,1,2060288653,5,778860,2,9241
20,253,1117426118,0,-491564614,1,2060289488,5,780220,2,9242
20,253,1117426128,0,-491563301,1,2060289727,5,781460,2,9251
20,253,1117426138,0,-491561035,1,2060289608,5,783570,2,9264
20,253,1117426148,0,-491559722,1,2060290204,5,784870,2,9274
20,253,1117426158,0,-491558529,1,2060290204,5,785980,2,9282
20,253,1117426168,0,-491553876,1,2060292352,5,790580,2,9296
20,253,1117426178,0,-491552803,1,2060292471,5,791580,2,9283
20,253,1117426188,0,-491551013,1,2060294260,5,793670,2,9253
20,253,1117426198,0,-491549343,1,2060296766,5,796020,2,9230
20,253,1117426208,0,-491548746,1,2060297362,5,796720,2,9225
20,253,1117426218,0,-491547911,1,2060297482,5,797500,2,9222
20,253,1117426228,0,-491547434,1,2060298197,5,798170,2,9220
20,253,1117426238,0,-491546241,1,2060298197,5,799290,2,9218
20,253,1117426248,0,-491545644,1,2060298794,5,799980,2,9218
20,253,1117426258,0,-491544093,1,2060299152,5,801450,2,9203
20,253,1117426268,0,-491542542,1,2060300226,5,803080,2,9183
20,253,1117426278,0,-491541469,1,2060300226,5,804090,2,9168
20,253,1117426288,0,-491540872,1,2060299748,5,804740,2,9157
20,253,1117426298,0,-491538248,1,2060299868,5,807190,2,9118
20,253,1117426308,0,-491537770,1,2060300345,5,807740,2,9114
20,253,1117426318,0,-491537293,1,2060300226,5,808200,2,9106
20,253,1117426328,0,-491537293,1,2060299391,5,808780,2,9101
20,253,1117426338,0,-491537770,1,2060299033,5,809290,2,9107
20,253,1117426348,0,-491537651,1,2060298078,5,809970,2,9100
20,253,1117426358,0,-491537174,1,2060297840,5,810450,2,9091
20,253,1117426368,0,-491535861,1,2060293903,5,813470,2,9046
20,253,1117426378,0,-491534310,1,2060293903,5,814920,2,9018
20,253,1117426388,0,-491533833,1,2060294380,5,815480,2,9011
20,253,1117426398,0,-491533714,1,2060293306,5,816240,2,9004
20,253,1117426408,0,-491533237,1,2060293545,5,816710,2,8997
20,253,1117426418,0,-491533356,1,2060292590,5,817390,2,8995
20,253,1117426428,0,-491532998,1,2060292113,5,817870,2,8987
20,253,1117426438,0,-491532760,1,2060292471,5,818200,2,8985
20,253,1117426448,0,-491532640,1,2060291874,5,818640,2,8981
20,253,1117426458,0,-491532402,1,2060292352,5,819040,2,8978
20,253,1117426468,0,-491532044,1,2060291278,5,819860,2,8966
20,253,1117426478,0,-491530612,1,2060289130,5,821879,2,8933
20,253,1117426488,0,-491530254,1,2060289011,5,822220,2,8929
20,253,1117426498,0,-491530135,1,2060290085,5,822979,2,8933
20,253,1117426508,0,-491529777,1,2060289965,5,823329,2,8928
20,253,1117426518,0,-491529538,1,2060288772,5,824190,2,8921
20,253,1117426528,0,-491527391,1,2060285313,5,827340,2,8906
20,253,1117426538,0,-491526317,1,2060285313,5,828340,2,8905
20,253,1117426548,0,-491525601,1,2060286148,5,829229,2,8900
20,253,1117426558,0,-491525243,1,2060285313,5,829910,2,8904
20,253,1117426568,0,-491525243,1,2060284120,5,830750,2,8911
20,253,1117426578,0,-491524408,1,2060283165,5,831770,2,8916
20,253,1117426588,0,-491523454,1,2060283404,5,832679,2,8912
20,253,1117426598,0,-491522857,1,2060282688,5,833429,2,8918
20,253,1117426608,0,-491522141,1,2060281495,5,834500,2,8923
20,253,1117426618,0,-491521903,1,2060280540,5,835210,2,8917
20,253,1117426628,0,-491520233,1,2060279825,5,836840,2,8916
20,253,1117426638,0,-491519039,1,2060278393,5,838340,2,8914
20,253,1117426648,0,-491518443,1,2060278512,5,838910,2,8917
20,253,1117426658,0,-491518085,1,2060278274,5,839279,2,8918
20,253,1117426668,0,-491517489,1,2060277200,5,840220,2,8919
20,253,1117426678,0,-491515699,1,2060277081,5,841890,2,8930
20,253,1117426688,0,-491513790,1,2060277319,5,843679,2,8916
20,253,1117426698,0,-491512955,1,2060275410,5,845229,2,8911
20,253,1117426708,0,-491512478,1,2060275410,5,845670,2,8907
20,253,1117426718,0,-491511881,1,2060274814,5,846370,2,8903
20,253,1117426728,0,-491511881,1,2060273621,5,847210,2,8907
20,253,1117426738,0,-491510927,1,2060274098,5,848160,2,8897
20,253,1117426748,0,-491510807,1,2060272905,5,849000,2,8901
20,253,1117426758,0,-491509972,1,2060273263,5,849820,2,8894
20,253,1117426768,0,-491510092,1,2060272189,5,850590,2,8900
20,253,1117426778,0,-491509853,1,2060271593,5,851060,2,8897
20,253,1117426788,0,-491508541,1,2060271950,5,852310,2,8891
20,253,1117426798,0,-491507109,1,2060269684,5,854390,2,8880
20,253,1117426808,0,-491506990,1,2060268252,5,855400,2,8879
20,253,1117426818,0,-491506035,1,2060266820,5,856740,2,8881
20,253,1117426828,0,-491505319,1,2060266582,5,857429,2,8883
20,253,1117426838,0,-491504365,1,2060265031,5,858840,2,8885
20,253,1117426848,0,-491503172,1,2060264434,5,860029,2,8885
20,253,1117426858,0,-491502337,1,2060264792,5,860850,2,8881
20,253,1117426868,0,-491501382,1,2060263361,5,862190,2,8892
20,253,1117426878,0,-491500786,1,2060263480,5,862750,2,8891
20,253,1117426888,0,-491499951,1,2060261452,5,864370,2,8911
20,253,1117426898,0,-491499474,1,2060261094,5,864890,2,8915
20,253,1117426908,0,-491498280,1,2060259066,5,866690,2,8935
20,253,1117426918,0,-491497207,1,2060258827,5,867710,2,8945
20,253,1117426928,0,-491497087,1,2060257753,5,868470,2,8956
20,253,1117426938,0,-491495656,1,2060256679,5,870000,2,8981
20,253,1117426948,0,-491493270,1,2060253458,5,873179,2,9044
20,253,1117426958,0,-491492077,1,2060253458,5,874290,2,9056
20,253,1117426968,0,-491491241,1,2060252742,5,875220,2,9076
20,253,1117426978,0,-491488855,1,2060249879,5,878220,2,9131
20,253,1117426988,0,-491486947,1,2060248686,5,880190,2,9166
20,253,1117426998,0,-491484560,1,2060248567,5,882410,2,9187
20,253,1117427008,0,-491483606,1,2060247612,5,883529,2,9196
20,253,1117427018,0,-491482890,1,2060247612,5,884200,2,9196
20,253,1117427028,0,-491482413,1,2060246061,5,885370,2,9213
20,253,1117427038,0,-491479788,1,2060245107,5,887910,2,9225
20,253,1117427048,0,-491478834,1,2060242959,5,889660,2,9253
20,253,1117427058,0,-491478476,1,2060240693,5,891290,2,9271
20,253,1117427068,0,-491478953,1,2060238426,5,892940,2,9282
20,253,1117427078,0,-491479072,1,2060236517,5,894290,2,9291
20,253,1117427088,0,-491480146,1,2060231148,5,898190,2,9321
20,253,1117427098,0,-491480265,1,2060229359,5,899450,2,9328
20,253,1117427108,0,-491481697,1,2060226853,5,901660,2,9342
20,253,1117427118,0,-491482055,1,2060224944,5,903040,2,9350
20,253,1117427128,0,-491482055,1,2060223632,5,903960,2,9356
20,253,1117427138,0,-491481578,1,2060222081,5,905140,2,9359
20,253,1117427148,0,-491479072,1,2060218263,5,908690,2,9335
20,253,1117427158,0,-491477164,1,2060216354,5,910920,2,9339
20,253,1117427168,0,-491475613,1,2060213253,5,913540,2,9352
20,253,1117427178,0,-491475135,1,2060211105,5,915110,2,9361
20,253,1117427188,0,-491472033,1,2060205378,5,920060,2,9418
20,253,1117427198,0,-491470960,1,2060204066,5,921420,2,9441
20,253,1117427208,0,-491470125,1,2060202634,5,922700,2,9466
20,253,1117427218,0,-491466665,1,2060199771,5,926500,2,9532
20,253,1117427228,0,-491465949,1,2060197982,5,927920,2,9558
20,253,1117427238,0,-491464517,1,2060195834,5,929940,2,9593
20,253,1117427248,0,-491462728,1,2060194402,5,931890,2,9624
20,253,1117427258,0,-491455927,1,2060191181,5,938620,2,9714
20,253,1117427268,0,-491453899,1,2060189988,5,940690,2,9724
20,253,1117427278,0,-491452706,1,2060188318,5,942310,2,9731
20,253,1117427288,0,-491451274,1,2060187363,5,943800,2,9746
20,253,1117427298,0,-491447934,1,2060186767,5,946950,2,9788
20,253,1117427308,0,-491446383,1,2060185932,5,948510,2,9814
20,253,1117427318,0,-491444116,1,2060183904,5,951060,2,9848
20,253,1117427328,0,-491443281,1,2060181995,5,952610,2,9861
20,253,1117427338,0,-491441611,1,2060176507,5,956770,2,9831
20,253,1117427348,0,-491439702,1,2060171735,5,960560,2,9819
20,253,1117427358,0,-491438867,1,2060170184,5,961900,2,9823
20,253,1117427368,0,-491438390,1,2060168633,5,963079,2,9824
20,253,1117427378,0,-491437912,1,2060168394,5,963550,2,9830
20,253,1117427388,0,-491436242,1,2060165650,5,966029,2,9849
20,253,1117427398,0,-491436123,1,2060164576,5,966790,2,9850
20,253,1117427408,0,-491435526,1,2060162429,5,968400,2,9853
20,253,1117427418,0,-491434333,1,2060156821,5,972490,2,9840
20,253,1117427428,0,-491430515,1,2060147158,5,980150,2,9831
20,253,1117427448,0,-491430277,1,2060146800,5,980490,2,9831
20,253,1117427458,0,-491428010,1,2060148232,5,982829,2,9836
20,253,1117427468,0,-491427771,1,2060148709,5,983229,2,9836
20,253,1117427478,0,-491427056,1,2060149186,5,983979,2,9837
20,253,1117427488,0,-491426578,1,2060148947,5,984460,2,9838
20,253,1117427498,0,-491425147,1,2060149663,5,985879,2,9830
20,253,1117427508,0,-491423715,1,2060149902,5,987229,2,9814
20,253,1117427518,0,-491421687,1,2060150976,5,989270,2,9789
20,253,1117427528,0,-491420375,1,2060151214,5,990500,2,9774
20,253,1117427538,0,-491419659,1,2060152049,5,991390,2,9764
20,253,1117427548,0,-491418824,1,2060152288,5,992190,2,9755
20,253,1117427558,0,-491417988,1,2060152765,5,993040,2,9744
20,253,1117427568,0,-491417153,1,2060153004,5,993829,2,9732
20,253,1117427578,0,-491416557,1,2060152646,5,994450,2,9728
20,253,1117427588,0,-491414051,1,2060153123,5,996810,2,9692
20,253,1117427598,0,-491413693,1,2060153839,5,997410,2,9683
20,253,1117427608,0,-491412023,1,2060155390,5,999310,2,9653
20,253,1117427618,0,-491411546,1,2060155390,5,999760,2,9647
20,253,1117427628,0,-491409876,1,2060156702,5,1001570,2,9622
20,253,1117427638,0,-491407490,1,2060160281,5,1004929,2,9587
20,253,1117427648,0,-491405461,1,2060162548,5,1007400,2,9564
20,253,1117427658,0,-491405700,1,2060163025,5,1007800,2,9564
20,253,1117427668,0,-491405461,1,2060163980,5,1008510,2,9553
20,253,1117427678,0,-491404746,1,2060165173,5,1009579,2,9535
20,253,1117427688,0,-491402717,1,2060167798,5,1012220,2,9496
20,253,1117427698,0,-491399854,1,2060172212,5,1016310,2,9448
20,253,1117427708,0,-491399138,1,2060173643,5,1017520,2,9432
20,253,1117427718,0,-491397826,1,2060174359,5,1018840,2,9418
20,253,1117427728,0,-491396872,1,2060174598,5,1019750,2,9410
20,253,1117427738,0,-491395440,1,2060176626,5,1021700,2,9384
20,253,1117427748,0,-491394247,1,2060178058,5,1023200,2,9362
20,253,1117427758,0,-491392577,1,2060180324,5,1025429,2,9335
20,253,1117427768,0,-491392219,1,2060181875,5,1026570,2,9325
20,253,1117427778,0,-491390668,1,2060185693,5,1029610,2,9287
20,253,1117427788,0,-491390190,1,2060186528,5,1030350,2,9278
20,253,1117427798,0,-491389833,1,2060186767,5,1030720,2,9275
20,253,1117427808,0,-491389475,1,2060186528,5,1031100,2,9276
20,253,1117427818,0,-491387804,1,2060188318,5,1033100,2,9259
20,253,1117427828,0,-491385299,1,2060192016,5,1036590,2,9228
20,253,1117427838,0,-491384583,1,2060193329,5,1037729,2,9210
20,253,1117427848,0,-491384225,1,2060193448,5,1038079,2,9205
20,253,1117427858,0,-491382555,1,2060195357,5,1040129,2,9173
20,253,1117427868,0,-491381004,1,2060196431,5,1041760,2,9154
20,253,1117427878,0,-491379572,1,2060199175,5,1044110,2,9131
20,253,1117427888,0,-491380169,1,2060200487,5,1045179,2,9127
20,253,1117427898,0,-491381004,1,2060200606,5,1045970,2,9130
20,253,1117427908,0,-491381601,1,2060203112,5,1047810,2,9113
20,253,1117427918,0,-491382555,1,2060204901,5,1049350,2,9096
20,253,1117427928,0,-491382674,1,2060206214,5,1050280,2,9082
20,253,1117427938,0,-491383151,1,2060207287,5,1051160,2,9072
20,253,1117427948,0,-491383390,1,2060209673,5,1052850,2,9046
20,253,1117427958,0,-491383509,1,2060210031,5,1053120,2,9043
20,253,1117427968,0,-491383271,1,2060212298,5,1054730,2,9018
20,253,1117427978,0,-491381004,1,2060215877,5,1058010,2,8980
20,253,1117427988,0,-491381601,1,2060216832,5,1058890,2,8971
20,253,1117427998,0,-491381362,1,2060218741,5,1060240,2,8951
20,253,1117428008,0,-491376828,1,2060219218,5,1064490,2,8939
20,253,1117428018,0,-491373726,1,2060221246,5,1067710,2,8905
20,253,1117428028,0,-491373011,1,2060222081,5,1068600,2,8894
20,253,1117428038,0,-491372175,1,2060223751,5,1070010,2,8868
20,253,1117428048,0,-491367165,1,2060229597,5,1076230,2,8793
20,253,1117428058,0,-491365614,1,2060233057,5,1079060,2,8755
20,253,1117428068,0,-491364898,1,2060236040,5,1081260,2,8724
20,253,1117428078,0,-491364898,1,2060238187,5,1082770,2,8711
20,253,1117428088,0,-491365136,1,2060239619,5,1083800,2,8704
20,253,1117428098,0,-491366568,1,2060237949,5,1085570,2,8722
20,253,1117428108,0,-491367045,1,2060238068,5,1086030,2,8717
20,253,1117428118,0,-491367165,1,2060239738,5,1087210,2,8702
20,253,1117428128,0,-491366449,1,2060242959,5,1089560,2,8683
20,253,1117428138,0,-491365375,1,2060244391,5,1090980,2,8671
20,253,1117428148,0,-491363705,1,2060249760,5,1095060,2,8634
20,253,1117428158,0,-491362989,1,2060253220,5,1097580,2,8613
20,253,1117428168,0,-491362870,1,2060255844,5,1099430,2,8587
20,253,1117428178,0,-491363824,1,2060255606,5,1100330,2,8581
20,253,1117428188,0,-491364659,1,2060254651,5,1101360,2,8585
20,253,1117428198,0,-491364779,1,2060254055,5,1101800,2,8591
20,253,1117428208,0,-491366687,1,2060251669,5,1104240,2,8601
20,253,1117428218,0,-491368954,1,2060249760,5,1106750,2,8587
20,253,1117428228,0,-491370744,1,2060247732,5,1108940,2,8581
20,253,1117428238,0,-491373607,1,2060243914,5,1112720,2,8579
20,253,1117428248,0,-491373965,1,2060243079,5,1113400,2,8583
20,253,1117428258,0,-491375397,1,2060241289,5,1115230,2,8588
20,253,1117428268,0,-491376828,1,2060241408,5,1116570,2,8580
20,253,1117428278,0,-491377544,1,2060241647,5,1117260,2,8578
20,253,1117428288,0,-491379572,1,2060243795,5,1119680,2,8559
20,253,1117428298,0,-491381004,1,2060244510,5,1121110,2,8557
20,253,1117428308,0,-491383271,1,2060244391,5,1123220,2,8566
20,253,1117428318,0,-491384345,1,2060243914,5,1124280,2,8574
20,253,1117428328,0,-491384941,1,2060244152,5,1124860,2,8574
20,253,1117428338,0,-491386253,1,2060244988,5,1126220,2,8576
20,253,1117428348,0,-491386611,1,2060245942,5,1126970,2,8577
20,253,1117428358,0,-491386134,1,2060247254,5,1127990,2,8554
20,253,1117428368,0,-491386015,1,2060251072,5,1130670,2,8518
20,253,1117428378,0,-491385418,1,2060253697,5,1132600,2,8506
20,253,1117428388,0,-491386015,1,2060257992,5,1135670,2,8510
20,253,1117428398,0,-491385418,1,2060259304,5,1136740,2,8503
20,253,1117428408,0,-491385538,1,2060261332,5,1138170,2,8504
20,253,1117428418,0,-491385180,1,2060262406,5,1139000,2,8499
20,253,1117428428,0,-491384225,1,2060263718,5,1140280,2,8484
20,253,1117428438,0,-491383748,1,2060265150,5,1141380,2,8475
20,253,1117428448,0,-491383867,1,2060266940,5,1142640,2,8475
20,253,1117428458,0,-491383271,1,2060269445,5,1144480,2,8460
20,253,1117428468,0,-491383390,1,2060271235,5,1145750,2,8459
20,253,1117428478,0,-491382913,1,2060275052,5,1148460,2,8449
20,253,1117428488,0,-491382316,1,2060276961,5,1149910,2,8436
20,253,1117428498,0,-491382436,1,2060277558,5,1150350,2,8438
20,253,1117428508,0,-491382078,1,2060283284,5,1154380,2,8430
20,253,1117428518,0,-491379930,1,2060290920,5,1160110,2,8392
20,253,1117428528,0,-491379214,1,2060293545,5,1162070,2,8378
20,253,1117428538,0,-491379334,1,2060294022,5,1162420,2,8381
20,253,1117428548,0,-491378857,1,2060296289,5,1164070,2,8371
20,253,1117428558,0,-491378857,1,2060296647,5,1164320,2,8371
20,253,1117428568,0,-491379692,1,2060298317,5,1165730,2,8389
20,253,1117428578,0,-491379930,1,2060299152,5,1166360,2,8395
20,253,1117428588,0,-491378737,1,2060300703,5,1167920,2,8369
20,253,1117428598,0,-491378021,1,2060303328,5,1169880,2,8360
20,253,1117428608,0,-491378141,1,2060304043,5,1170390,2,8367
20,253,1117428618,0,-491377663,1,2060305952,5,1171800,2,8365
20,253,1117428628,0,-491378260,1,2060307861,5,1173260,2,8388
20,253,1117428638,0,-491377663,1,2060309412,5,1174480,2,8382
20,253,1117428648,0,-491376590,1,2060310963,5,1175960,2,8364
20,253,1117428658,0,-491368716,1,2060314304,5,1183670,2,8278
20,253,1117428668,0,-491363705,1,2060318360,5,1189150,2,8260
20,253,1117428678,0,-491362750,1,2060319792,5,1190490,2,8264
20,253,1117428688,0,-491360006,1,2060320985,5,1193180,2,8224
20,253,1117428698,0,-491359887,1,2060322297,5,1194110,2,8243
20,253,1117428708,0,-491357740,1,2060324206,5,1196520,2,8230
20,253,1117428718,0,-491354041,1,2060326711,5,1200400,2,8205
20,253,1117428728,0,-491352490,1,2060326831,5,1201850,2,8180
20,253,1117428738,0,-491351894,1,2060327785,5,1202720,2,8189
20,253,1117428748,0,-491351059,1,2060328262,5,1203560,2,8184
20,253,1117428758,0,-491349150,1,2060328620,5,1205360,2,8160
20,253,1117428768,0,-491347837,1,2060329336,5,1206690,2,8153
20,253,1117428778,0,-491346406,1,2060329455,5,1208030,2,8132
20,253,1117428788,0,-491342588,1,2060331006,5,1211750,2,8120
20,253,1117428798,0,-491339605,1,2060331603,5,1214560,2,8098
20,253,1117428808,0,-491336742,1,2060331603,5,1217240,2,8065
20,253,1117428818,0,-491332089,1,2060332438,5,1221620,2,8038
20,253,1117428828,0,-491328629,1,2060334347,5,1225110,2,8047
20,253,1117428838,0,-491323976,1,2060335182,5,1229490,2,8022
20,253,1117428848,0,-491321352,1,2060336494,5,1232110,2,8026
20,253,1117428858,0,-491320397,1,2060336375,5,1233000,2,8015
20,253,1117428868,0,-491318966,1,2060337091,5,1234430,2,8017
20,253,1117428878,0,-491316579,1,2060336494,5,1236700,2,7982
20,253,1117428888,0,-491314790,1,2060336614,5,1238370,2,7983
20,253,1117428898,0,-491312404,1,2060334943,5,1240890,2,7945
20,253,1117428908,0,-491309421,1,2060334943,5,1243670,2,7944
20,253,1117428918,0,-491307632,1,2060335301,5,1245360,2,7951
20,253,1117428928,0,-491305961,1,2060333750,5,1247260,2,7917
20,253,1117428938,0,-491303933,1,2060333154,5,1249200,2,7915
20,253,1117428948,0,-491301905,1,2060331364,5,1251470,2,7887
20,253,1117428958,0,-491299042,1,2060329813,5,1254350,2,7871
20,253,1117428968,0,-491298445,1,2060328382,5,1255500,2,7844
20,253,1117428978,0,-491294866,1,2060325757,5,1259320,2,7806
20,253,1117428988,0,-491294031,1,2060324922,5,1260290,2,7792
20,253,1117428998,0,-491291168,1,2060323848,5,1263070,2,7783
20,253,1117429008,0,-491288424,1,2060324802,5,1265720,2,7816
20,253,1117429018,0,-491287111,1,2060323490,5,1267250,2,7795
20,253,1117429028,0,-491285918,1,2060323132,5,1268390,2,7791
20,253,1117429038,0,-491284129,1,2060321104,5,1270580,2,7751
20,253,1117429048,0,-491281504,1,2060320269,5,1273100,2,7737
20,253,1117429058,0,-491279834,1,2060319195,5,1274830,2,7719
20,253,1117429068,0,-491278283,1,2060318718,5,1276320,2,7711
20,253,1117429078,0,-491275897,1,2060318599,5,1278550,2,7704
20,253,1117429088,0,-491273033,1,2060318837,5,1281220,2,7683
20,253,1117429098,0,-491271840,1,2060319434,5,1282410,2,7683
20,253,1117429108,0,-491270886,1,2060319434,5,1283300,2,7675
20,253,1117429118,0,-491267426,1,2060321104,5,1286740,2,7676
20,253,1117429128,0,-491265398,1,2060321820,5,1288700,2,7677
20,253,1117429138,0,-491263966,1,2060321581,5,1290040,2,7664
20,253,1117429148,0,-491262415,1,2060321820,5,1291500,2,7662
20,253,1117429158,0,-491261819,1,2060321104,5,1292250,2,7644
20,253,1117429168,0,-491258120,1,2060319792,5,1295820,2,7599
20,253,1117429178,0,-491256331,1,2060319792,5,1297490,2,7593
20,253,1117429188,0,-491254899,1,2060320030,5,1298840,2,7602
20,253,1117429198,0,-491253945,1,2060320030,5,1299730,2,7605
20,253,1117429208,0,-491251678,1,2060317644,5,1302430,2,7570
20,253,1117429218,0,-491250365,1,2060316570,5,1303860,2,7557
20,253,1117429228,0,-491249769,1,2060315377,5,1304870,2,7541
20,253,1117429238,0,-491248576,1,2060314542,5,1306130,2,7535
20,253,1117429248,0,-491247502,1,2060314423,5,1307130,2,7540
20,253,1117429258,0,-491248337,1,2060312395,5,1308760,2,7503
20,253,1117429268,0,-491248457,1,2060310963,5,1309770,2,7479
20,253,1117429278,0,-491246667,1,2060308816,5,1312020,2,7455
20,253,1117429288,0,-491246070,1,2060307265,5,1313240,2,7427
20,253,1117429298,0,-491245116,1,2060306072,5,1314470,2,7404
20,253,1117429308,0,-491244281,1,2060305356,5,1315390,2,7390
20,253,1117429318,0,-491242611,1,2060304401,5,1317090,2,7371
20,253,1117429328,0,-491240344,1,2060305714,5,1319400,2,7387
20,253,1117429338,0,-491239151,1,2060308338,5,1321550,2,7425
20,253,1117429348,0,-491237719,1,2060309651,5,1323170,2,7441
20,253,1117429358,0,-491234975,1,2060311679,5,1326100,2,7440
20,253,1117429368,0,-491234021,1,2060312991,5,1327380,2,7441
20,253,1117429378,0,-491232470,1,2060314423,5,1329150,2,7434
20,253,1117429388,0,-491231157,1,2060315139,5,1330470,2,7422
20,253,1117429398,0,-491230203,1,2060316332,5,1331690,2,7420
20,253,1117429408,0,-491229964,1,2060317286,5,1332400,2,7427
20,253,1117429418,0,-491227220,1,2060319195,5,1335290,2,7403
20,253,1117429428,0,-491225192,1,2060321939,5,1337990,2,7403
20,253,1117429438,0,-491221016,1,2060326115,5,1342870,2,7360
20,253,1117429448,0,-491220659,1,2060327904,5,1344170,2,7360
20,253,1117429458,0,-491220181,1,2060328978,5,1345040,2,7356
20,253,1117429468,0,-491218869,1,2060329933,5,1346440,2,7335
20,253,1117429478,0,-491218750,1,2060331006,5,1347200,2,7336
20,253,1117429488,0,-491218034,1,2060332915,5,1348700,2,7327
20,253,1117429498,0,-491216244,1,2060335540,5,1351190,2,7303
20,253,1117429508,0,-491215171,1,2060336256,5,1352310,2,7289
20,253,1117429518,0,-491214335,1,2060337687,5,1353580,2,7278
20,253,1117429528,0,-491213262,1,2060338165,5,1354640,2,7262
20,253,1117429538,0,-491212188,1,2060339119,5,1355840,2,7247
20,253,1117429548,0,-491211353,1,2060340193,5,1356930,2,7235
20,253,1117429558,0,-491210398,1,2060341744,5,1358330,2,7220
20,253,1117429568,0,-491209205,1,2060345800,5,1361390,2,7191
20,253,1117429578,0,-491207893,1,2060349260,5,1364110,2,7158
20,253,1117429588,0,-491208132,1,2060350572,5,1365060,2,7159
20,253,1117429598,0,-491207654,1,2060352839,5,1366710,2,7140
20,253,1117429608,0,-491209205,1,2060360117,5,1372030,2,7134
20,253,1117429618,0,-491210160,1,2060362145,5,1373710,2,7142
20,253,1117429628,0,-491210756,1,2060362980,5,1374510,2,7148
20,253,1117429638,0,-491210637,1,2060366320,5,1376860,2,7126
20,253,1117429648,0,-491210876,1,2060367991,5,1378060,2,7120
20,253,1117429658,0,-491210279,1,2060370257,5,1379740,2,7098
20,253,1117429668,0,-491210756,1,2060374791,5,1382960,2,7071
20,253,1117429678,0,-491211711,1,2060376939,5,1384710,2,7066
20,253,1117429688,0,-491212904,1,2060378728,5,1386390,2,7066
20,253,1117429698,0,-491214574,1,2060379444,5,1388030,2,7079
20,253,1117429708,0,-491216006,1,2060379086,5,1389390,2,7098
20,253,1117429718,0,-491216602,1,2060381234,5,1390990,2,7086
20,253,1117429728,0,-491216841,1,2060384574,5,1393350,2,7065
20,253,1117429738,0,-491216483,1,2060386244,5,1394570,2,7049
20,253,1117429748,0,-491215528,1,2060388272,5,1396250,2,7021
20,253,1117429758,0,-491214932,1,2060390181,5,1397700,2,6999
20,253,1117429768,0,-491215648,1,2060392210,5,1399280,2,6992
20,253,1117429778,0,-491216006,1,2060392448,5,1399650,2,6994
20,253,1117429788,0,-491217557,1,2060394476,5,1401680,2,7005
20,253,1117429798,0,-491219346,1,2060397817,5,1404560,2,7021
20,253,1117429808,0,-491219943,1,2060403066,5,1408290,2,6987
20,253,1117429818,0,-491219943,1,2060406765,5,1410890,2,6946
20,253,1117429828,0,-491220181,1,2060410702,5,1413660,2,6908
20,253,1117429838,0,-491222687,1,2060414997,5,1417480,2,6920
20,253,1117429848,0,-491223641,1,2060418099,5,1419830,2,6907
20,253,1117429858,0,-491224834,1,2060419053,5,1421130,2,6924
20,253,1117429868,0,-491225192,1,2060420127,5,1421950,2,6920
20,253,1117429878,0,-491225073,1,2060422274,5,1423470,2,6896
20,253,1117429888,0,-491225550,1,2060427166,5,1426930,2,6867
20,253,1117429898,0,-491227101,1,2060432296,5,1430810,2,6865
20,253,1117429908,0,-491227101,1,2060434801,5,1432570,2,6858
20,253,1117429918,0,-491226147,1,2060439812,5,1436200,2,6830
20,253,1117429928,0,-491226147,1,2060443033,5,1438470,2,6835
20,253,1117429938,0,-491225669,1,2060445419,5,1440200,2,6834
20,253,1117429948,0,-491223760,1,2060450669,5,1444290,2,6813
20,253,1117429958,0,-491221613,1,2060454248,5,1447510,2,6773
20,253,1117429968,0,-491220539,1,2060456753,5,1449530,2,6754
20,253,1117429978,0,-491219466,1,2060458424,5,1451080,2,6736
20,253,1117429988,0,-491218750,1,2060461048,5,1453040,2,6724
20,253,1117429998,0,-491218034,1,2060461168,5,1453710,2,6712
20,253,1117430008,0,-491216364,1,2060464508,5,1456530,2,6701
20,253,1117430018,0,-491216483,1,2060467014,5,1458290,2,6701
20,253,1117430028,0,-491216602,1,2060469638,5,1460140,2,6702
20,253,1117430038,0,-491217437,1,2060469877,5,1460930,2,6701
20,253,1117430048,0,-491219466,1,2060472740,5,1463690,2,6714
20,253,1117430058,0,-491225669,1,2060473695,5,1469520,2,6726
20,253,1117430068,0,-491227936,1,2060476439,5,1472380,2,6734
20,253,1117430078,0,-491228771,1,2060479779,5,1474860,2,6743
20,253,1117430088,0,-491227936,1,2060486937,5,1479940,2,6750
20,253,1117430098,0,-491229368,1,2060493380,5,1484660,2,6797
20,253,1117430108,0,-491231992,1,2060497913,5,1488680,2,6840
20,253,1117430118,0,-491234617,1,2060503640,5,1493390,2,6877
20,253,1117430128,0,-491234975,1,2060512588,5,1499680,2,6908
20,253,1117430138,0,-491233663,1,2060522967,5,1507070,2,6911
20,253,1117430148,0,-491232350,1,2060533466,5,1514550,2,6866
20,253,1117430158,0,-491227817,1,2060542175,5,1521980,2,6807
20,253,1117430168,0,-491223283,1,2060550765,5,1529350,2,6833
20,253,1117430178,0,-491214932,1,2060557566,5,1538490,2,6833
20,253,1117430188,0,-491206581,1,2060564247,5,1547590,2,6817
20,253,1117430198,0,-491198110,1,2060571047,5,1556820,2,6813
20,253,1117430208,0,-491193815,1,2060575581,5,1561940,2,6842
20,253,1117430218,0,-491189520,1,2060580114,5,1567060,2,6825
20,253,1117430228,0,-491188804,1,2060583216,5,1569340,2,6818
20,253,1117430238,0,-491189520,1,2060586676,5,1571860,2,6832
20,253,1117430248,0,-491193457,1,2060590255,5,1576310,2,6906
20,253,1117430258,0,-491196320,1,2060593596,5,1579860,2,6956
20,253,1117430268,0,-491196320,1,2060596101,5,1581620,2,6957
20,253,1117430278,0,-491194650,1,2060600158,5,1584870,2,6942
20,253,1117430288,0,-491190832,1,2060606600,5,1590630,2,6926
20,253,1117430298,0,-491191787,1,2060610537,5,1593540,2,6948
20,253,1117430308,0,-491195724,1,2060617457,5,1599630,2,6963
20,253,1117430318,0,-491199661,1,2060624257,5,1605650,2,6983
20,253,1117430328,0,-491204910,1,2060630938,5,1612440,2,6983
20,253,1117430338,0,-491210160,1,2060637619,5,1619220,2,6943
20,253,1117430348,0,-491215767,1,2060638335,5,1624480,2,6967
20,253,1117430358,0,-491219823,1,2060640483,5,1628550,2,6950
20,253,1117430368,0,-491221971,1,2060640363,5,1630560,2,6954
20,253,1117430378,0,-491224476,1,2060640721,5,1632910,2,6959
20,253,1117430388,0,-491226385,1,2060642391,5,1635040,2,6968
20,253,1117430398,0,-491224715,1,2060645255,5,1637580,2,6967
20,253,1117430408,0,-491222210,1,2060646567,5,1640100,2,6948
20,253,1117430418,0,-491219466,1,2060648953,5,1643159,2,6916
20,253,1117430428,0,-491218153,1,2060651339,5,1645230,2,6909
20,253,1117430438,0,-491216841,1,2060654560,5,1647800,2,6920
20,253,1117430448,0,-491215290,1,2060660526,5,1652240,2,6967
20,253,1117430458,0,-491214216,1,2060666968,5,1656870,2,6981
20,253,1117430468,0,-491211830,1,2060669831,5,1659870,2,6993
20,253,1117430478,0,-491210518,1,2060672933,5,1662370,2,6990
20,253,1117430488,0,-491210637,1,2060674842,5,1663720,2,6985
20,253,1117430498,0,-491211114,1,2060676751,5,1665130,2,6981
20,253,1117430508,0,-491212069,1,2060678779,5,1666809,2,6976
20,253,1117430518,0,-491213500,1,2060678779,5,1668140,2,6976
20,253,1117430528,0,-491214932,1,2060678183,5,1669540,2,6976
20,253,1117430538,0,-491222090,1,2060670309,5,1678220,2,6986
20,253,1117430548,0,-491224834,1,2060668042,5,1681230,2,6999
20,253,1117430558,0,-491227936,1,2060667087,5,1684200,2,7026
20,253,1117430568,0,-491231515,1,2060669951,5,1688100,2,7056
20,253,1117430578,0,-491232708,1,2060674723,5,1691630,2,7051
20,253,1117430588,0,-491234975,1,2060679137,5,1695380,2,7038
20,253,1117430598,0,-491242372,1,2060683194,5,1702850,2,7113
20,253,1117430608,0,-491249769,1,2060687369,5,1710350,2,7110
20,253,1117430618,0,-491257166,1,2060691545,5,1717850,2,7125
20,253,1117430628,0,-491254541,1,2060696914,5,1722350,2,7100
20,253,1117430638,0,-491252990,1,2060700612,5,1725320,2,7097
20,253,1117430648,0,-491250843,1,2060709321,5,1731759,2,7117
20,253,1117430658,0,-491256450,1,2060710276,5,1737030,2,7094
20,253,1117430668,0,-491262057,1,2060711111,5,1742290,2,7125
20,253,1117430678,0,-491270170,1,2060710514,5,1749880,2,7142
20,253,1117430688,0,-491278163,1,2060710037,5,1757340,2,7144
20,253,1117430698,0,-491283055,1,2060711588,5,1762030,2,7148
20,253,1117430708,0,-491289736,1,2060712900,5,1768340,2,7155
20,253,1117430718,0,-491296417,1,2060717315,5,1775300,2,7128
20,253,1117430728,0,-491301189,1,2060719343,5,1779970,2,7152
20,253,1117430738,0,-491306797,1,2060723280,5,1785890,2,7180
20,253,1117430748,0,-491311211,1,2060729126,5,1791709,2,7188
20,253,1117430758,0,-491315864,1,2060738551,5,1799620,2,7162
20,253,1117430768,0,-491325647,1,2060744397,5,1809630,2,7178
20,253,1117430778,0,-491326243,1,2060745709,5,1810709,2,7169
20,253,1117430788,0,-491325647,1,2060750720,5,1814270,2,7153
20,253,1117430798,0,-491326124,1,2060752390,5,1815520,2,7155
20,253,1117430808,0,-491327078,1,2060753822,5,1816870,2,7161
20,253,1117430818,0,-491329464,1,2060755850,5,1819509,2,7180
20,253,1117430828,0,-491331970,1,2060755850,5,1821850,2,7195
20,253,1117430838,0,-491334356,1,2060753106,5,1824790,2,7206
20,253,1117430848,0,-491340679,1,2060750959,5,1830880,2,7276
20,253,1117430858,0,-491342707,1,2060753225,5,1833350,2,7293
20,253,1117430868,0,-491346644,1,2060760503,5,1839650,2,7290
20,253,1117430878,0,-491346883,1,2060762650,5,1841170,2,7283
20,253,1117430888,0,-491346048,1,2060764798,5,1842870,2,7264
20,253,1117430898,0,-491346883,1,2060768019,5,1845259,2,7257
20,253,1117430908,0,-491349746,1,2060769451,5,1848120,2,7284
20,253,1117430918,0,-491352252,1,2060769570,5,1850459,2,7310
20,253,1117430928,0,-491353325,1,2060770882,5,1851820,2,7317
20,253,1117430938,0,-491354160,1,2060773984,5,1854130,2,7310
20,253,1117430948,0,-491355115,1,2060776609,5,1856180,2,7298
20,253,1117430958,0,-491356308,1,2060776609,5,1857290,2,7299
20,253,1117430968,0,-491357143,1,2060778041,5,1858559,2,7296
20,253,1117430978,0,-491357620,1,2060779830,5,1859900,2,7296
20,253,1117430988,0,-491359768,1,2060782574,5,1862680,2,7318
20,253,1117430998,0,-491361319,1,2060783767,5,1864350,2,7324
20,253,1117431008,0,-491370028,1,2060792238,5,1874420,2,7330
20,253,1117431018,0,-491372533,1,2060793192,5,1876850,2,7332
20,253,1117431028,0,-491376351,1,2060794147,5,1880480,2,7330
20,253,1117431038,0,-491376709,1,2060798203,5,1883340,2,7310
20,253,1117431048,0,-491378141,1,2060800112,5,1885240,2,7319
20,253,1117431058,0,-491379930,1,2060802975,5,1887850,2,7340
20,253,1117431068,0,-491384225,1,2060807270,5,1892859,2,7362
20,253,1117431078,0,-491388639,1,2060811685,5,1898020,2,7400
20,253,1117431088,0,-491392457,1,2060817292,5,1903330,2,7430
20,253,1117431098,0,-491396275,1,2060821348,5,1907890,2,7449
20,253,1117431108,0,-491398303,1,2060828387,5,1913180,2,7476
20,253,1117431118,0,-491399973,1,2060832444,5,1916430,2,7507
20,253,1117431128,0,-491400809,1,2060837574,5,1920109,2,7525
20,253,1117431138,0,-491402598,1,2060840318,5,1922659,2,7540
20,253,1117431148,0,-491406774,1,2060850101,5,1930559,2,7566
20,253,1117431158,0,-491408802,1,2060860361,5,1938009,2,7605
20,253,1117431168,0,-491410949,1,2060870621,5,1945490,2,7617
20,253,1117431178,0,-491414887,1,2060879808,5,1952909,2,7611
20,253,1117431188,0,-491415960,1,2060883267,5,1955540,2,7594
20,253,1117431198,0,-491415244,1,2060890068,5,1960359,2,7576
20,253,1117431208,0,-491414171,1,2060894840,5,1963859,2,7558
20,253,1117431218,0,-491410949,1,2060900567,5,1968880,2,7549
20,253,1117431228,0,-491407848,1,2060906293,5,1973830,2,7525
20,253,1117431238,0,-491405104,1,2060911781,5,1978459,2,7554
20,253,1117431248,0,-491405581,1,2060914287,5,1980270,2,7543
20,253,1117431258,0,-491408683,1,2060916315,5,1983500,2,7473
20,253,1117431268,0,-491413574,1,2060921087,5,1989159,2,7383
20,253,1117431278,0,-491414648,1,2060923950,5,1991409,2,7381
20,253,1117431288,0,-491416795,1,2060934688,5,1999209,2,7355
20,253,1117431298,0,-491415960,1,2060943636,5,2005540,2,7362
20,253,1117431308,0,-491416437,1,2060947215,5,2008090,2,7340
20,253,1117431318,0,-491417511,1,2060951033,5,2010950,2,7303
20,253,1117431328,0,-491419778,1,2060955805,5,2014920,2,7268
20,253,1117431338,0,-491419897,1,2060956043,5,2015120,2,7267
21,253,1117431338,0,0,1,9,4,0
